NICno,first_name,last_name,phone1,email
123456789,James,Butt,504-621-8927,jbutt@gmail.com
123456790,Josephine,Darakjy,810-292-9388,josephine_darakjy@darakjy.org
123456791,Art,Venere,856-636-8749,art@venere.org
123456792,Lenna,Paprocki,907-385-4412,lpaprocki@hotmail.com
123456793,Donette,Foller,513-570-1893,donette.foller@cox.net
123456794,Simona,Morasca,419-503-2484,simona@morasca.com
123456795,Mitsue,Tollner,773-573-6914,mitsue_tollner@yahoo.com
123456796,Leota,Dilliard,408-752-3500,leota@hotmail.com
123456797,Sage,Wieser,605-414-2147,sage_wieser@cox.net
123456798,Kris,Marrier,410-655-8723,kris@gmail.com
123456799,Minna,Amigon,215-874-1229,minna_amigon@yahoo.com
123456800,Abel,Maclead,631-335-3414,amaclead@gmail.com
123456801,Kiley,Caldarera,310-498-5651,kiley.caldarera@aol.com
123456802,Graciela,Ruta,440-780-8425,gruta@cox.net
123456803,Cammy,Albares,956-537-6195,calbares@gmail.com
123456804,Mattie,Poquette,602-277-4385,mattie@aol.com
123456805,Meaghan,Garufi,931-313-9635,meaghan@hotmail.com
123456806,Gladys,Rim,414-661-9598,gladys.rim@rim.org
123456807,Yuki,Whobrey,313-288-7937,yuki_whobrey@aol.com
123456808,Fletcher,Flosi,815-828-2147,fletcher.flosi@yahoo.com
123456809,Bette,Nicka,610-545-3615,bette_nicka@cox.net
123456810,Veronika,Inouye,408-540-1785,vinouye@aol.com
123456811,Willard,Kolmetz,972-303-9197,willard@hotmail.com
123456812,Maryann,Royster,518-966-7987,mroyster@royster.com
123456813,Alisha,Slusarski,732-658-3154,alisha@slusarski.com
123456814,Allene,Iturbide,715-662-6764,allene_iturbide@cox.net
123456815,Chanel,Caudy,913-388-2079,chanel.caudy@caudy.org
123456816,Ezekiel,Chui,410-669-1642,ezekiel@chui.com
123456817,Willow,Kusko,212-582-4976,wkusko@yahoo.com
123456818,Bernardo,Figeroa,936-336-3951,bfigeroa@aol.com
123456819,Ammie,Corrio,614-801-9788,ammie@corrio.com
123456820,Francine,Vocelka,505-977-3911,francine_vocelka@vocelka.com
123456821,Ernie,Stenseth,201-709-6245,ernie_stenseth@aol.com
123456822,Albina,Glick,732-924-7882,albina@glick.com
123456823,Alishia,Sergi,212-860-1579,asergi@gmail.com
123456824,Solange,Shinko,504-979-9175,solange@shinko.com
123456825,Jose,Stockham,212-675-8570,jose@yahoo.com
123456826,Rozella,Ostrosky,805-832-6163,rozella.ostrosky@ostrosky.com
123456827,Valentine,Gillian,210-812-9597,valentine_gillian@gmail.com
123456828,Kati,Rulapaugh,785-463-7829,kati.rulapaugh@hotmail.com
123456829,Youlanda,Schemmer,541-548-8197,youlanda@aol.com
123456830,Dyan,Oldroyd,913-413-4604,doldroyd@aol.com
123456831,Roxane,Campain,907-231-4722,roxane@hotmail.com
123456832,Lavera,Perin,305-606-7291,lperin@perin.org
123456833,Erick,Ferencz,907-741-1044,erick.ferencz@aol.com
123456834,Fatima,Saylors,952-768-2416,fsaylors@saylors.org
123456835,Jina,Briddick,617-399-5124,jina_briddick@briddick.com
123456836,Kanisha,Waycott,323-453-2780,kanisha_waycott@yahoo.com
123456837,Emerson,Bowley,608-336-7444,emerson.bowley@bowley.org
123456838,Blair,Malet,215-907-9111,bmalet@yahoo.com
123456839,Brock,Bolognia,212-402-9216,bbolognia@yahoo.com
123456840,Lorrie,Nestle,931-875-6644,lnestle@hotmail.com
123456841,Sabra,Uyetake,803-925-5213,sabra@uyetake.org
123456842,Marjory,Mastella,610-814-5533,mmastella@mastella.com
123456843,Karl,Klonowski,908-877-6135,karl_klonowski@yahoo.com
123456844,Tonette,Wenner,516-968-6051,twenner@aol.com
123456845,Amber,Monarrez,215-934-8655,amber_monarrez@monarrez.org
123456846,Shenika,Seewald,818-423-4007,shenika@gmail.com
123456847,Delmy,Ahle,401-458-2547,delmy.ahle@hotmail.com
123456848,Deeanna,Juhas,215-211-9589,deeanna_juhas@gmail.com
123456849,Blondell,Pugh,401-960-8259,bpugh@aol.com
123456850,Jamal,Vanausdal,732-234-1546,jamal@vanausdal.org
123456851,Cecily,Hollack,512-486-3817,cecily@hollack.org
123456852,Carmelina,Lindall,303-724-7371,carmelina_lindall@lindall.com
123456853,Maurine,Yglesias,414-748-1374,maurine_yglesias@yglesias.com
123456854,Tawna,Buvens,212-674-9610,tawna@gmail.com
123456855,Penney,Weight,907-797-9628,penney_weight@aol.com
123456856,Elly,Morocco,814-393-5571,elly_morocco@gmail.com
123456857,Ilene,Eroman,410-914-9018,ilene.eroman@hotmail.com
123456858,Vallie,Mondella,208-862-5339,vmondella@mondella.com
123456859,Kallie,Blackwood,415-315-2761,kallie.blackwood@gmail.com
123456860,Johnetta,Abdallah,919-225-9345,johnetta_abdallah@aol.com
123456861,Bobbye,Rhym,650-528-5783,brhym@rhym.com
123456862,Micaela,Rhymes,925-647-3298,micaela_rhymes@gmail.com
123456863,Tamar,Hoogland,740-343-8575,tamar@hotmail.com
123456864,Moon,Parlato,585-866-8313,moon@yahoo.com
123456865,Laurel,Reitler,410-520-4832,laurel_reitler@reitler.com
123456866,Delisa,Crupi,973-354-2040,delisa.crupi@crupi.com
123456867,Viva,Toelkes,773-446-5569,viva.toelkes@gmail.com
123456868,Elza,Lipke,973-927-3447,elza@yahoo.com
123456869,Devorah,Chickering,505-975-8559,devorah@hotmail.com
123456870,Timothy,Mulqueen,718-332-6527,timothy_mulqueen@mulqueen.org
123456871,Arlette,Honeywell,904-775-4480,ahoneywell@honeywell.com
123456872,Dominque,Dickerson,510-993-3758,dominque.dickerson@dickerson.org
123456873,Lettie,Isenhower,216-657-7668,lettie_isenhower@yahoo.com
123456874,Myra,Munns,817-914-7518,mmunns@cox.net
123456875,Stephaine,Barfield,310-774-7643,stephaine@barfield.com
123456876,Lai,Gato,847-728-7286,lai.gato@gato.org
123456877,Stephen,Emigh,330-537-5358,stephen_emigh@hotmail.com
123456878,Tyra,Shields,215-255-1641,tshields@gmail.com
123456879,Tammara,Wardrip,650-803-1936,twardrip@cox.net
123456880,Cory,Gibes,626-572-1096,cory.gibes@gmail.com
123456881,Danica,Bruschke,254-782-8569,danica_bruschke@gmail.com
123456882,Wilda,Giguere,907-870-5536,wilda@cox.net
123456883,Elvera,Benimadho,408-703-8505,elvera.benimadho@cox.net
123456884,Carma,Vanheusen,510-503-7169,carma@cox.net
123456885,Malinda,Hochard,317-722-5066,malinda.hochard@yahoo.com
123456886,Natalie,Fern,307-704-8713,natalie.fern@hotmail.com
123456887,Lisha,Centini,703-235-3937,lisha@centini.org
123456888,Arlene,Klusman,504-710-5840,arlene_klusman@gmail.com
123456889,Alease,Buemi,303-301-4946,alease@buemi.com
123456890,Louisa,Cronauer,510-828-7047,louisa@cronauer.com
123456891,Angella,Cetta,808-892-7943,angella.cetta@hotmail.com
123456892,Cyndy,Goldammer,952-334-9408,cgoldammer@cox.net
123456893,Rosio,Cork,336-243-5659,rosio.cork@gmail.com
123456894,Celeste,Korando,516-509-2347,ckorando@hotmail.com
123456895,Twana,Felger,503-939-3153,twana.felger@felger.org
123456896,Estrella,Samu,608-976-7199,estrella@aol.com
123456897,Donte,Kines,508-429-8576,dkines@hotmail.com
123456898,Tiffiny,Steffensmeier,305-385-9695,tiffiny_steffensmeier@cox.net
123456899,Edna,Miceli,814-460-2655,emiceli@miceli.org
123456900,Sue,Kownacki,972-666-3413,sue@aol.com
123456901,Jesusa,Shin,931-273-8709,jshin@shin.com
123456902,Rolland,Francescon,973-649-2922,rolland@cox.net
123456903,Pamella,Schmierer,305-420-8970,pamella.schmierer@schmierer.org
123456904,Glory,Kulzer,410-224-9462,gkulzer@kulzer.org
123456905,Shawna,Palaspas,805-275-3566,shawna_palaspas@palaspas.org
123456906,Brandon,Callaro,808-215-6832,brandon_callaro@hotmail.com
123456907,Scarlet,Cartan,229-735-3378,scarlet.cartan@yahoo.com
123456908,Oretha,Menter,617-418-5043,oretha_menter@yahoo.com
123456909,Ty,Smith,201-672-1553,tsmith@aol.com
123456910,Xuan,Rochin,650-933-5072,xuan@gmail.com
123456911,Lindsey,Dilello,909-639-9887,lindsey.dilello@hotmail.com
123456912,Devora,Perez,510-955-3016,devora_perez@perez.org
123456913,Herman,Demesa,518-497-2940,hdemesa@cox.net
123456914,Rory,Papasergi,570-867-7489,rpapasergi@cox.net
123456915,Talia,Riopelle,973-245-2133,talia_riopelle@aol.com
123456916,Van,Shire,908-409-2890,van.shire@shire.com
123456917,Lucina,Lary,321-749-4981,lucina_lary@cox.net
123456918,Bok,Isaacs,718-809-3762,bok.isaacs@aol.com
123456919,Rolande,Spickerman,808-315-3077,rolande.spickerman@spickerman.com
123456920,Howard,Paulas,303-623-4241,hpaulas@gmail.com
123456921,Kimbery,Madarang,973-310-1634,kimbery_madarang@cox.net
123456922,Thurman,Manno,609-524-3586,thurman.manno@yahoo.com
123456923,Becky,Mirafuentes,908-877-8409,becky.mirafuentes@mirafuentes.com
123456924,Beatriz,Corrington,508-584-4279,beatriz@yahoo.com
123456925,Marti,Maybury,773-775-4522,marti.maybury@yahoo.com
123456926,Nieves,Gotter,503-527-5274,nieves_gotter@gmail.com
123456927,Leatha,Hagele,214-339-1809,lhagele@cox.net
123456928,Valentin,Klimek,312-303-5453,vklimek@klimek.org
123456929,Melissa,Wiklund,419-939-3613,melissa@cox.net
123456930,Sheridan,Zane,951-645-3605,sheridan.zane@zane.com
123456931,Bulah,Padilla,254-463-4368,bulah_padilla@hotmail.com
123456932,Audra,Kohnert,615-406-7854,audra@kohnert.com
123456933,Daren,Weirather,414-959-2540,dweirather@aol.com
123456934,Fernanda,Jillson,410-387-5260,fjillson@aol.com
123456935,Gearldine,Gellinger,972-934-6914,gearldine_gellinger@gellinger.com
123456936,Chau,Kitzman,310-560-8022,chau@gmail.com
123456937,Theola,Frey,516-948-5768,theola_frey@frey.com
123456938,Cheryl,Haroldson,609-518-7697,cheryl@haroldson.org
123456939,Laticia,Merced,513-508-7371,lmerced@gmail.com
123456940,Carissa,Batman,541-326-4074,carissa.batman@yahoo.com
123456941,Lezlie,Craghead,919-533-3762,lezlie.craghead@craghead.org
123456942,Ozell,Shealy,212-332-8435,oshealy@hotmail.com
123456943,Arminda,Parvis,602-906-9419,arminda@parvis.com
123456944,Reita,Leto,317-234-1135,reita.leto@gmail.com
123456945,Yolando,Luczki,315-304-4759,yolando@cox.net
123456946,Lizette,Stem,856-487-5412,lizette.stem@aol.com
123456947,Gregoria,Pawlowicz,516-212-1915,gpawlowicz@yahoo.com
123456948,Carin,Deleo,501-308-1040,cdeleo@deleo.com
123456949,Chantell,Maynerich,651-591-2583,chantell@yahoo.com
123456950,Dierdre,Yum,215-325-3042,dyum@yahoo.com
123456951,Larae,Gudroe,985-890-7262,larae_gudroe@gmail.com
123456952,Latrice,Tolfree,631-957-7624,latrice.tolfree@hotmail.com
123456953,Kerry,Theodorov,916-591-3277,kerry.theodorov@gmail.com
123456954,Dorthy,Hidvegi,208-649-2373,dhidvegi@yahoo.com
123456955,Fannie,Lungren,512-587-5746,fannie.lungren@yahoo.com
123456956,Evangelina,Radde,215-964-3284,evangelina@aol.com
123456957,Novella,Degroot,808-477-4775,novella_degroot@degroot.org
123456958,Clay,Hoa,775-501-8109,choa@hoa.org
123456959,Jennifer,Fallick,847-979-9545,jfallick@yahoo.com
123456960,Irma,Wolfgramm,973-545-7355,irma.wolfgramm@hotmail.com
123456961,Eun,Coody,864-256-3620,eun@yahoo.com
123456962,Sylvia,Cousey,410-209-9545,sylvia_cousey@cousey.org
123456963,Nana,Wrinkles,914-855-2115,nana@aol.com
123456964,Layla,Springe,212-260-3151,layla.springe@cox.net
123456965,Joesph,Degonia,510-677-9785,joesph_degonia@degonia.org
123456966,Annabelle,Boord,978-697-6263,annabelle.boord@cox.net
123456967,Stephaine,Vinning,415-767-6596,stephaine@cox.net
123456968,Nelida,Sawchuk,201-971-1638,nelida@gmail.com
123456969,Marguerita,Hiatt,925-634-7158,marguerita.hiatt@gmail.com
123456970,Carmela,Cookey,773-494-4195,ccookey@cookey.org
123456971,Junita,Brideau,973-943-3423,jbrideau@aol.com
123456972,Claribel,Varriano,419-544-4900,claribel_varriano@cox.net
123456973,Benton,Skursky,310-579-2907,benton.skursky@aol.com
123456974,Hillary,Skulski,352-242-2570,hillary.skulski@aol.com
123456975,Merilyn,Bayless,408-758-5015,merilyn_bayless@cox.net
123456976,Teri,Ennaco,570-889-5187,tennaco@gmail.com
123456977,Merlyn,Lawler,201-588-7810,merlyn_lawler@hotmail.com
123456978,Georgene,Montezuma,925-615-5185,gmontezuma@cox.net
123456979,Jettie,Mconnell,908-802-3564,jmconnell@hotmail.com
123456980,Lemuel,Latzke,631-748-6479,lemuel.latzke@gmail.com
123456981,Melodie,Knipp,805-690-1682,mknipp@gmail.com
123456982,Candida,Corbley,908-275-8357,candida_corbley@hotmail.com
123456983,Karan,Karpin,503-940-8327,karan_karpin@gmail.com
123456984,Andra,Scheyer,503-516-2189,andra@gmail.com
123456985,Felicidad,Poullion,856-305-9731,fpoullion@poullion.com
123456986,Belen,Strassner,770-507-8791,belen_strassner@aol.com
123456987,Gracia,Melnyk,904-235-3633,gracia@melnyk.com
123456988,Jolanda,Hanafan,207-458-9196,jhanafan@gmail.com
123456989,Barrett,Toyama,817-765-5781,barrett.toyama@toyama.org
123456990,Helga,Fredicks,716-752-4114,helga_fredicks@yahoo.com
123456991,Ashlyn,Pinilla,305-670-9628,apinilla@cox.net
123456992,Fausto,Agramonte,212-313-1783,fausto_agramonte@yahoo.com
123456993,Ronny,Caiafa,215-605-7570,ronny.caiafa@caiafa.org
123456994,Marge,Limmel,850-430-1663,marge@gmail.com
123456995,Norah,Waymire,415-306-7897,norah.waymire@gmail.com
123456996,Aliza,Baltimore,408-504-3552,aliza@aol.com
123456997,Mozell,Pelkowski,650-947-1215,mpelkowski@pelkowski.org
123456998,Viola,Bitsuie,818-864-4875,viola@gmail.com
123456999,Franklyn,Emard,215-558-8189,femard@emard.com
123457000,Willodean,Konopacki,337-253-8384,willodean_konopacki@konopacki.org
123457001,Beckie,Silvestrini,313-533-4884,beckie.silvestrini@silvestrini.com
123457002,Rebecka,Gesick,512-213-8574,rgesick@gesick.org
123457003,Frederica,Blunk,214-428-2285,frederica_blunk@gmail.com
123457004,Glen,Bartolet,206-697-5796,glen_bartolet@hotmail.com
123457005,Freeman,Gochal,610-476-3501,freeman_gochal@aol.com
123457006,Vincent,Meinerding,215-372-1718,vincent.meinerding@hotmail.com
123457007,Rima,Bevelacqua,310-858-5079,rima@cox.net
123457008,Glendora,Sarbacher,707-653-8214,gsarbacher@gmail.com
123457009,Avery,Steier,407-808-9439,avery@cox.net
123457010,Cristy,Lother,760-971-4322,cristy@lother.com
123457011,Nicolette,Brossart,508-837-9230,nicolette_brossart@brossart.com
123457012,Tracey,Modzelewski,936-264-9294,tracey@hotmail.com
123457013,Virgina,Tegarden,414-214-8697,virgina_tegarden@tegarden.com
123457014,Tiera,Frankel,626-636-4117,tfrankel@aol.com
123457015,Alaine,Bergesen,914-300-9193,alaine_bergesen@cox.net
123457016,Earleen,Mai,214-289-1973,earleen_mai@cox.net
123457017,Leonida,Gobern,228-235-5615,leonida@gobern.org
123457018,Ressie,Auffrey,305-604-8981,ressie.auffrey@yahoo.com
123457019,Justine,Mugnolo,212-304-9225,jmugnolo@yahoo.com
123457020,Eladia,Saulter,201-474-4924,eladia@saulter.com
123457021,Chaya,Malvin,734-928-5182,chaya@malvin.com
123457022,Gwenn,Suffield,631-258-6558,gwenn_suffield@suffield.org
123457023,Salena,Karpel,330-791-8557,skarpel@cox.net
123457024,Yoko,Fishburne,203-506-4706,yoko@fishburne.com
123457025,Taryn,Moyd,703-322-4041,taryn.moyd@hotmail.com
123457026,Katina,Polidori,978-626-2978,katina_polidori@aol.com
123457027,Rickie,Plumer,419-693-1334,rickie.plumer@aol.com
123457028,Alex,Loader,253-660-7821,alex@loader.com
123457029,Lashon,Vizarro,916-741-7884,lashon@aol.com
123457030,Lauran,Burnard,307-342-7795,lburnard@burnard.com
123457031,Ceola,Setter,207-627-7565,ceola.setter@setter.org
123457032,My,Rantanen,215-491-5633,my@hotmail.com
123457033,Lorrine,Worlds,813-769-2939,lorrine.worlds@worlds.com
123457034,Peggie,Sturiale,619-608-1763,peggie@cox.net
123457035,Marvel,Raymo,979-718-8968,mraymo@yahoo.com
123457036,Daron,Dinos,847-233-3075,daron_dinos@cox.net
123457037,An,Fritz,609-228-5265,an_fritz@hotmail.com
123457038,Portia,Stimmel,908-722-7128,portia.stimmel@aol.com
123457039,Rhea,Aredondo,718-560-9537,rhea_aredondo@cox.net
123457040,Benedict,Sama,314-787-1588,bsama@cox.net
123457041,Alyce,Arias,209-317-1801,alyce@arias.org
123457042,Heike,Berganza,973-936-5095,heike@gmail.com
123457043,Carey,Dopico,317-578-2453,carey_dopico@dopico.org
123457044,Dottie,Hellickson,206-540-6076,dottie@hellickson.org
123457045,Deandrea,Hughey,336-822-7652,deandrea@yahoo.com
123457046,Kimberlie,Duenas,785-629-8542,kimberlie_duenas@yahoo.com
123457047,Martina,Staback,407-471-6908,martina_staback@staback.com
123457048,Skye,Fillingim,612-508-2655,skye_fillingim@yahoo.com
123457049,Jade,Farrar,803-352-5387,jade.farrar@yahoo.com
123457050,Charlene,Hamilton,707-300-1771,charlene.hamilton@hotmail.com
123457051,Geoffrey,Acey,847-222-1734,geoffrey@gmail.com
123457052,Stevie,Westerbeck,949-867-4077,stevie.westerbeck@yahoo.com
123457053,Pamella,Fortino,303-404-2210,pamella@fortino.com
123457054,Harrison,Haufler,203-801-6193,hhaufler@hotmail.com
123457055,Johnna,Engelberg,425-986-7573,jengelberg@engelberg.org
123457056,Buddy,Cloney,440-989-5826,buddy.cloney@yahoo.com
123457057,Dalene,Riden,603-315-6839,dalene.riden@aol.com
123457058,Jerry,Zurcher,321-518-5938,jzurcher@zurcher.org
123457059,Haydee,Denooyer,212-792-8658,hdenooyer@denooyer.org
123457060,Joseph,Cryer,714-584-2237,joseph_cryer@cox.net
123457061,Deonna,Kippley,248-913-4677,deonna_kippley@hotmail.com
123457062,Raymon,Calvaresi,317-825-4724,raymon.calvaresi@gmail.com
123457063,Alecia,Bubash,940-276-7922,alecia@aol.com
123457064,Ma,Layous,203-721-3388,mlayous@hotmail.com
123457065,Detra,Coyier,410-739-9277,detra@aol.com
123457066,Terrilyn,Rodeigues,504-463-4384,terrilyn.rodeigues@cox.net
123457067,Salome,Lacovara,804-550-5097,slacovara@gmail.com
123457068,Garry,Keetch,215-979-8776,garry_keetch@hotmail.com
123457069,Matthew,Neither,952-651-7597,mneither@yahoo.com
123457070,Theodora,Restrepo,305-936-8226,theodora.restrepo@restrepo.com
123457071,Noah,Kalafatis,414-263-5287,noah.kalafatis@aol.com
123457072,Carmen,Sweigard,732-941-2621,csweigard@sweigard.com
123457073,Lavonda,Hengel,701-898-2154,lavonda@cox.net
123457074,Junita,Stoltzman,775-638-9963,junita@aol.com
123457075,Herminia,Nicolozakes,602-954-5141,herminia@nicolozakes.org
123457076,Casie,Good,615-390-2251,casie.good@aol.com
123457077,Reena,Maisto,410-351-1863,reena@hotmail.com
123457078,Mirta,Mallett,212-870-1286,mirta_mallett@gmail.com
123457079,Cathrine,Pontoriero,806-703-1435,cathrine.pontoriero@pontoriero.com
123457080,Filiberto,Tawil,323-765-2528,ftawil@hotmail.com
123457081,Raul,Upthegrove,619-509-5282,rupthegrove@yahoo.com
123457082,Sarah,Candlish,770-732-1194,sarah.candlish@gmail.com
123457083,Lucy,Treston,508-769-5250,lucy@cox.net
123457084,Judy,Aquas,269-756-7222,jaquas@aquas.com
123457085,Yvonne,Tjepkema,973-714-1721,yvonne.tjepkema@hotmail.com
123457086,Kayleigh,Lace,337-740-9323,kayleigh.lace@yahoo.com
123457087,Felix,Hirpara,717-491-5643,felix_hirpara@cox.net
123457088,Tresa,Sweely,314-359-9566,tresa_sweely@hotmail.com
123457089,Kristeen,Turinetti,817-213-8851,kristeen@gmail.com
123457090,Jenelle,Regusters,813-932-8715,jregusters@regusters.com
123457091,Renea,Monterrubio,770-679-4752,renea@hotmail.com
123457092,Olive,Matuszak,760-938-6069,olive@aol.com
123457093,Ligia,Reiber,517-906-1108,lreiber@cox.net
123457094,Christiane,Eschberger,602-390-4944,christiane.eschberger@yahoo.com
123457095,Goldie,Schirpke,207-295-7569,goldie.schirpke@yahoo.com
123457096,Loreta,Timenez,301-696-6420,loreta.timenez@hotmail.com
123457097,Fabiola,Hauenstein,717-809-3119,fabiola.hauenstein@hauenstein.org
123457098,Amie,Perigo,972-419-7946,amie.perigo@yahoo.com
123457099,Raina,Brachle,406-318-1515,raina.brachle@brachle.org
123457100,Erinn,Canlas,973-767-3008,erinn.canlas@canlas.com
123457101,Cherry,Lietz,248-980-6904,cherry@lietz.com
123457102,Kattie,Vonasek,216-923-3715,kattie@vonasek.org
123457103,Lilli,Scriven,325-631-1560,lilli@aol.com
123457104,Whitley,Tomasulo,817-526-4408,whitley.tomasulo@aol.com
123457105,Barbra,Adkin,718-201-3751,badkin@hotmail.com
123457106,Hermila,Thyberg,401-893-4882,hermila_thyberg@hotmail.com
123457107,Jesusita,Flister,717-885-9118,jesusita.flister@hotmail.com
123457108,Caitlin,Julia,401-948-4982,caitlin.julia@julia.org
123457109,Roosevelt,Hoffis,305-622-4739,roosevelt.hoffis@aol.com
123457110,Helaine,Halter,201-832-4168,hhalter@yahoo.com
123457111,Lorean,Martabano,210-856-4979,lorean.martabano@hotmail.com
123457112,France,Buzick,718-478-8504,france.buzick@yahoo.com
123457113,Justine,Ferrario,909-993-3242,jferrario@hotmail.com
123457114,Adelina,Nabours,216-230-4892,adelina_nabours@gmail.com
123457115,Derick,Dhamer,212-304-4515,ddhamer@cox.net
123457116,Jerry,Dallen,804-762-9576,jerry.dallen@yahoo.com
123457117,Leota,Ragel,706-221-4243,leota.ragel@gmail.com
123457118,Jutta,Amyot,337-515-1438,jamyot@hotmail.com
123457119,Aja,Gehrett,973-544-2677,aja_gehrett@hotmail.com
123457120,Kirk,Herritt,607-407-3716,kirk.herritt@aol.com
123457121,Leonora,Mauson,973-412-2995,leonora@yahoo.com
123457122,Winfred,Brucato,208-252-4552,winfred_brucato@hotmail.com
123457123,Tarra,Nachor,415-411-1775,tarra.nachor@cox.net
123457124,Corinne,Loder,508-942-4186,corinne@loder.org
123457125,Dulce,Labreche,248-357-8718,dulce_labreche@yahoo.com
123457126,Kate,Keneipp,920-353-6377,kate_keneipp@yahoo.com
123457127,Kaitlyn,Ogg,410-665-4903,kaitlyn.ogg@gmail.com
123457128,Sherita,Saras,719-669-1664,sherita.saras@cox.net
123457129,Lashawnda,Stuer,419-588-8719,lstuer@cox.net
123457130,Ernest,Syrop,301-998-9644,ernest@cox.net
123457131,Nobuko,Halsey,508-855-9887,nobuko.halsey@yahoo.com
123457132,Lavonna,Wolny,703-483-1970,lavonna.wolny@hotmail.com
123457133,Lashaunda,Lizama,410-678-2473,llizama@cox.net
123457134,Mariann,Bilden,512-223-4791,mariann.bilden@aol.com
123457135,Helene,Rodenberger,623-461-8551,helene@aol.com
123457136,Roselle,Estell,419-571-5920,roselle.estell@hotmail.com
123457137,Samira,Heintzman,206-311-4137,sheintzman@hotmail.com
123457138,Margart,Meisel,513-617-2362,margart_meisel@yahoo.com
123457139,Kristofer,Bennick,812-368-1511,kristofer.bennick@yahoo.com
123457140,Weldon,Acuff,847-353-2156,wacuff@gmail.com
123457141,Shalon,Shadrick,718-232-2337,shalon@cox.net
123457142,Denise,Patak,407-446-4358,denise@patak.org
123457143,Louvenia,Beech,310-820-2117,louvenia.beech@beech.com
123457144,Audry,Yaw,813-797-4816,audry.yaw@yaw.org
123457145,Kristel,Ehmann,915-452-1290,kristel.ehmann@aol.com
123457146,Vincenza,Zepp,619-603-5125,vzepp@gmail.com
123457147,Elouise,Gwalthney,301-841-5012,egwalthney@yahoo.com
123457148,Venita,Maillard,714-523-6653,venita_maillard@gmail.com
123457149,Kasandra,Semidey,314-732-9131,kasandra_semidey@semidey.com
123457150,Xochitl,Discipio,512-233-1831,xdiscipio@gmail.com
123457151,Maile,Linahan,336-670-2640,mlinahan@yahoo.com
123457152,Krissy,Rauser,631-443-4710,krauser@cox.net
123457153,Pete,Dubaldi,201-825-2514,pdubaldi@hotmail.com
123457154,Linn,Paa,901-412-4381,linn_paa@paa.com
123457155,Paris,Wide,404-505-4445,paris@hotmail.com
123457156,Wynell,Dorshorst,650-473-1262,wynell_dorshorst@dorshorst.org
123457157,Quentin,Birkner,952-702-7993,qbirkner@aol.com
123457158,Regenia,Kannady,480-726-1280,regenia.kannady@cox.net
123457159,Sheron,Louissant,718-976-8610,sheron@aol.com
123457160,Izetta,Funnell,770-844-3447,izetta.funnell@hotmail.com
123457161,Rodolfo,Butzen,507-210-3510,rodolfo@hotmail.com
123457162,Zona,Colla,203-461-1949,zona@hotmail.com
123457163,Serina,Zagen,260-273-3725,szagen@aol.com
123457164,Paz,Sahagun,601-927-8287,paz_sahagun@cox.net
123457165,Markus,Lukasik,586-970-7380,markus@yahoo.com
123457166,Jaclyn,Bachman,719-853-3600,jaclyn@aol.com
123457167,Cyril,Daufeldt,212-745-8484,cyril_daufeldt@daufeldt.com
123457168,Gayla,Schnitzler,510-686-3407,gschnitzler@gmail.com
123457169,Erick,Nievas,773-704-9903,erick_nievas@aol.com
123457170,Jennie,Drymon,570-218-4831,jennie@cox.net
123457171,Mitsue,Scipione,530-986-9272,mscipione@scipione.com
123457172,Ciara,Ventura,845-823-8877,cventura@yahoo.com
123457173,Galen,Cantres,216-600-6111,galen@yahoo.com
123457174,Truman,Feichtner,973-852-2736,tfeichtner@yahoo.com
123457175,Gail,Kitty,907-435-9166,gail@kitty.com
123457176,Dalene,Schoeneck,215-268-1275,dalene@schoeneck.org
123457177,Gertude,Witten,513-977-7043,gertude.witten@gmail.com
123457178,Lizbeth,Kohl,310-699-1222,lizbeth@yahoo.com
123457179,Glenn,Berray,515-370-7348,gberray@gmail.com
123457180,Lashandra,Klang,610-809-1818,lashandra@yahoo.com
123457181,Lenna,Newville,919-623-2524,lnewville@newville.com
123457182,Laurel,Pagliuca,509-695-5199,laurel@yahoo.com
123457183,Mireya,Frerking,914-868-5965,mireya.frerking@hotmail.com
123457184,Annelle,Tagala,410-757-1035,annelle@yahoo.com
123457185,Dean,Ketelsen,516-847-4418,dean_ketelsen@gmail.com
123457186,Levi,Munis,508-456-4907,levi.munis@gmail.com
123457187,Sylvie,Ryser,918-644-9555,sylvie@aol.com
123457188,Sharee,Maile,231-467-9978,sharee_maile@aol.com
123457189,Cordelia,Storment,337-566-6001,cordelia_storment@aol.com
123457190,Mollie,Mcdoniel,419-975-3182,mollie_mcdoniel@yahoo.com
123457191,Brett,Mccullan,619-461-9984,brett.mccullan@mccullan.com
123457192,Teddy,Pedrozo,203-892-3863,teddy_pedrozo@aol.com
123457193,Tasia,Andreason,201-920-9002,tasia_andreason@yahoo.com
123457194,Hubert,Walthall,330-903-1345,hubert@walthall.org
123457195,Arthur,Farrow,201-238-5688,arthur.farrow@yahoo.com
123457196,Vilma,Berlanga,616-737-3085,vberlanga@berlanga.com
123457197,Billye,Miro,601-567-5386,billye_miro@cox.net
123457198,Glenna,Slayton,901-640-9178,glenna_slayton@cox.net
123457199,Mitzie,Hudnall,303-402-1940,mitzie_hudnall@yahoo.com
123457200,Bernardine,Rodefer,901-901-4726,bernardine_rodefer@yahoo.com
123457201,Staci,Schmaltz,626-866-2339,staci_schmaltz@aol.com
123457202,Nichelle,Meteer,773-225-9985,nichelle_meteer@meteer.com
123457203,Janine,Rhoden,718-228-5894,jrhoden@yahoo.com
123457204,Ettie,Hoopengardner,509-755-5393,ettie.hoopengardner@hotmail.com
123457205,Eden,Jayson,410-890-7866,eden_jayson@yahoo.com
123457206,Lynelle,Auber,973-860-8610,lynelle_auber@gmail.com
123457207,Merissa,Tomblin,562-579-6900,merissa.tomblin@gmail.com
123457208,Golda,Kaniecki,732-628-9909,golda_kaniecki@yahoo.com
123457209,Catarina,Gleich,973-210-3994,catarina_gleich@hotmail.com
123457210,Virgie,Kiel,303-776-7548,vkiel@hotmail.com
123457211,Jolene,Ostolaza,757-682-7116,jolene@yahoo.com
123457212,Keneth,Borgman,602-919-4211,keneth@yahoo.com
123457213,Rikki,Nayar,305-968-9487,rikki@nayar.com
123457214,Elke,Sengbusch,602-896-2993,elke_sengbusch@yahoo.com
123457215,Hoa,Sarao,386-526-7800,hoa@sarao.org
123457216,Trinidad,Mcrae,415-331-9634,trinidad_mcrae@yahoo.com
123457217,Mari,Lueckenbach,858-793-9684,mari_lueckenbach@yahoo.com
123457218,Selma,Husser,201-991-8369,selma.husser@cox.net
123457219,Antione,Onofrio,909-430-7765,aonofrio@onofrio.com
123457220,Luisa,Jurney,617-365-2134,ljurney@hotmail.com
123457221,Clorinda,Heimann,760-291-5497,clorinda.heimann@hotmail.com
123457222,Dick,Wenzinger,310-510-9713,dick@yahoo.com
123457223,Ahmed,Angalich,717-528-8996,ahmed.angalich@angalich.com
123457224,Iluminada,Ohms,480-293-2882,iluminada.ohms@yahoo.com
123457225,Joanna,Leinenbach,561-470-4574,joanna_leinenbach@hotmail.com
123457226,Caprice,Suell,615-246-1824,caprice@aol.com
123457227,Stephane,Myricks,859-717-7638,stephane_myricks@cox.net
123457228,Quentin,Swayze,734-561-6170,quentin_swayze@yahoo.com
123457229,Annmarie,Castros,936-751-7961,annmarie_castros@gmail.com
123457230,Shonda,Greenbush,973-482-2430,shonda_greenbush@cox.net
123457231,Cecil,Lapage,201-693-3967,clapage@lapage.com
123457232,Jeanice,Claucherty,305-988-4162,jeanice.claucherty@yahoo.com
123457233,Josphine,Villanueva,931-553-9774,josphine_villanueva@villanueva.com
123457234,Daniel,Perruzza,714-771-3880,dperruzza@perruzza.com
123457235,Cassi,Wildfong,847-633-3216,cassi.wildfong@aol.com
123457236,Britt,Galam,215-888-3304,britt@galam.org
123457237,Adell,Lipkin,973-654-1561,adell.lipkin@lipkin.com
123457238,Jacqueline,Rowling,814-865-8113,jacqueline.rowling@yahoo.com
123457239,Lonny,Weglarz,801-293-9853,lonny_weglarz@gmail.com
123457240,Lonna,Diestel,910-922-3672,lonna_diestel@gmail.com
123457241,Cristal,Samara,213-975-8026,cristal@cox.net
123457242,Kenneth,Grenet,517-499-2322,kenneth.grenet@grenet.org
123457243,Elli,Mclaird,315-818-2638,emclaird@mclaird.com
123457244,Alline,Jeanty,574-656-2800,ajeanty@gmail.com
123457245,Sharika,Eanes,407-312-1691,sharika.eanes@aol.com
123457246,Nu,Mcnease,973-751-9003,nu@gmail.com
123457247,Daniela,Comnick,609-200-8577,dcomnick@cox.net
123457248,Cecilia,Colaizzo,608-382-4541,cecilia_colaizzo@colaizzo.com
123457249,Leslie,Threets,914-861-9748,leslie@cox.net
123457250,Nan,Koppinger,336-370-5333,nan@koppinger.com
123457251,Izetta,Dewar,410-473-1708,idewar@dewar.com
123457252,Tegan,Arceo,732-730-2692,tegan.arceo@arceo.org
123457253,Ruthann,Keener,830-258-2769,ruthann@hotmail.com
123457254,Joni,Breland,847-519-5906,joni_breland@cox.net
123457255,Vi,Rentfro,732-605-4781,vrentfro@cox.net
123457256,Colette,Kardas,402-896-5943,colette.kardas@yahoo.com
123457257,Malcolm,Tromblay,703-221-5602,malcolm_tromblay@cox.net
123457258,Ryan,Harnos,972-558-1665,ryan@cox.net
123457259,Jess,Chaffins,212-510-4633,jess.chaffins@chaffins.org
123457260,Sharen,Bourbon,516-816-1541,sbourbon@yahoo.com
123457261,Nickolas,Juvera,352-598-8301,nickolas_juvera@cox.net
123457262,Gary,Nunlee,317-542-6023,gary_nunlee@nunlee.org
123457263,Diane,Devreese,816-557-9673,diane@cox.net
123457264,Roslyn,Chavous,601-234-9632,roslyn.chavous@chavous.org
123457265,Glory,Schieler,325-869-2649,glory@yahoo.com
123457266,Rasheeda,Sayaphon,408-805-4309,rasheeda@aol.com
123457267,Alpha,Palaia,856-312-2629,alpha@yahoo.com
123457268,Refugia,Jacobos,510-974-8671,refugia.jacobos@jacobos.com
123457269,Shawnda,Yori,407-538-5106,shawnda.yori@yahoo.com
123457270,Mona,Delasancha,307-403-1488,mdelasancha@hotmail.com
123457271,Gilma,Liukko,516-393-9967,gilma_liukko@gmail.com
123457272,Janey,Gabisi,608-967-7194,jgabisi@hotmail.com
123457273,Lili,Paskin,201-431-2989,lili.paskin@cox.net
123457274,Loren,Asar,570-648-3035,loren.asar@aol.com
123457275,Dorothy,Chesterfield,858-617-7834,dorothy@cox.net
123457276,Gail,Similton,760-616-5388,gail_similton@similton.com
123457277,Catalina,Tillotson,609-373-3332,catalina@hotmail.com
123457278,Lawrence,Lorens,401-465-6432,lawrence.lorens@hotmail.com
123457279,Carlee,Boulter,785-347-1805,carlee.boulter@hotmail.com
123457280,Thaddeus,Ankeny,916-920-3571,tankeny@ankeny.org
123457281,Jovita,Oles,386-248-4118,joles@gmail.com
123457282,Alesia,Hixenbaugh,202-646-7516,alesia_hixenbaugh@hixenbaugh.org
123457283,Lai,Harabedian,415-423-3294,lai@gmail.com
123457284,Brittni,Gillaspie,208-709-1235,bgillaspie@gillaspie.com
123457285,Raylene,Kampa,574-499-1454,rkampa@kampa.org
123457286,Flo,Bookamer,308-726-2182,flo.bookamer@cox.net
123457287,Jani,Biddy,206-711-6498,jbiddy@yahoo.com
123457288,Chauncey,Motley,407-413-4842,chauncey_motley@aol.com
